{
  "Vendors": [
    {
      "id": 3,
      "Vendor_Name": "24 Seven",
      "Description": "vendor name please ingore. this is a descriptoin for vendor",
      "rating": "3.0",
      "address": "Mehrauli Gurgaon Road, 3rd Floor, Shop No 3, DLF Grand Mall, Gurugram "
    },
    {
      "id": 4,
      "Vendor_Name": "Cafe Buddy's",
      "Description": "vendor name please ingore. this is a descriptoin for vendor",
      "rating": "3.0",
      "address": "Mehrauli Gurgaon Road, 3rd Floor, Shop No 3, DLF Grand Mall, Gurugram "
    },
    {
      "id": 5,
      "Vendor_Name": "Downtoen Kitchen",
      "Description": "vendor name please ingore. this is a descriptoin for vendor",
      "rating": "3.0",
      "address": "Mehrauli Gurgaon Road, 3rd Floor, Shop No 3, DLF Grand Mall, Gurugram "
    },
    {
      "id": 6,
      "Vendor_Name": "Bella Cucina",
      "Description": "vendor name please ingore. this is a descriptoin for vendor",
      "rating": "3.0",
      "address": "Mehrauli Gurgaon Road, 3rd Floor, Shop No 3, DLF Grand Mall, Gurugram "
    },
    {
      "id": 7,
      "Vendor_Name": "21 Gun Salute",
      "Description": "vendor name please ingore. this is a descriptoin for vendor",
      "rating": "3.0",
      "address": "Mehrauli Gurgaon Road, 3rd Floor, Shop No 3, DLF Grand Mall, Gurugram "
    },
    {
      "id": 8,
      "Vendor_Name": "Pind Baluchi",
      "Description": "vendor name please ingore. this is a descriptoin for vendor",
      "rating": "3.0",
      "address": "Mehrauli Gurgaon Road, 3rd Floor, Shop No 3, DLF Grand Mall, Gurugram "
    },
    {
      "Vendor_Name": "SubWay",
      "rating": "4.0",
      "Description": "vendor name please ingore. this is a descriptoin for vendor",
      "address": "Mehrauli Gurgaon Road, 3rd Floor, Shop No 3, DLF Grand Mall, Gurugram ",
      "id": 9
    },
    {
      "Vendor_Name": "Dana Chauga",
      "rating": "4.0",
      "Description": "vendor name please ingore. this is a descriptoin for vendor",
      "address": "Mehrauli Gurgaon Road, 3rd Floor, Shop No 3, DLF Grand Mall, Gurugram ",
      "id": 10
    },
    {
      "Vendor_Name": "Dominos Pizza",
      "rating": "4.0",
      "Description": "vendor name please ingore. this is a descriptoin for vendor",
      "address": "Mehrauli Gurgaon Road, 3rd Floor, Shop No 3, DLF Grand Mall, Gurugram ",
      "id": 11
    },
    {
      "Vendor_Name": "Pizza Hut",
      "rating": "4.0",
      "Description": "vendor name please ingore. this is a descriptoin for vendor",
      "address": "Mehrauli Gurgaon Road, 3rd Floor, Shop No 3, DLF Grand Mall, Gurugram ",
      "id": 12
    },
    {
      "Vendor_Name": "Box - 8",
      "rating": "4.0",
      "Description": "vendor name please ingore. this is a descriptoin for vendor",
      "address": "Mehrauli Gurgaon Road, 3rd Floor, Shop No 3, DLF Grand Mall, Gurugram ",
      "id": 13
    },
    {
      "Vendor_Name": "Mojo Pizza",
      "rating": "4.0",
      "Description": "vendor name please ingore. this is a descriptoin for vendor",
      "address": "Mehrauli Gurgaon Road, 3rd Floor, Shop No 3, DLF Grand Mall, Gurugram ",
      "id": 14
    }
  ]
}